-- MySQL dump 10.13  Distrib 5.7.22, for Linux (x86_64)
--
-- Host: localhost    Database: thuoclao
-- ------------------------------------------------------
-- Server version	5.7.22

/*!40101 SET @OLD_CHARACTER_SET_CLIENT=@@CHARACTER_SET_CLIENT */;
/*!40101 SET @OLD_CHARACTER_SET_RESULTS=@@CHARACTER_SET_RESULTS */;
/*!40101 SET @OLD_COLLATION_CONNECTION=@@COLLATION_CONNECTION */;
/*!40101 SET NAMES utf8 */;
/*!40103 SET @OLD_TIME_ZONE=@@TIME_ZONE */;
/*!40103 SET TIME_ZONE='+00:00' */;
/*!40014 SET @OLD_UNIQUE_CHECKS=@@UNIQUE_CHECKS, UNIQUE_CHECKS=0 */;
/*!40014 SET @OLD_FOREIGN_KEY_CHECKS=@@FOREIGN_KEY_CHECKS, FOREIGN_KEY_CHECKS=0 */;
/*!40101 SET @OLD_SQL_MODE=@@SQL_MODE, SQL_MODE='NO_AUTO_VALUE_ON_ZERO' */;
/*!40111 SET @OLD_SQL_NOTES=@@SQL_NOTES, SQL_NOTES=0 */;

--
-- Table structure for table `accounts_userprofile`
--

DROP TABLE IF EXISTS `accounts_userprofile`;
/*!40101 SET @saved_cs_client     = @@character_set_client */;
/*!40101 SET character_set_client = utf8 */;
CREATE TABLE `accounts_userprofile` (
  `id` int(11) NOT NULL AUTO_INCREMENT,
  `description` varchar(1024) NOT NULL,
  `city` varchar(100) NOT NULL,
  `website` varchar(200) NOT NULL,
  `phone` int(11) NOT NULL,
  `image` varchar(100) NOT NULL,
  `user_id` int(11) NOT NULL,
  PRIMARY KEY (`id`),
  UNIQUE KEY `user_id` (`user_id`),
  CONSTRAINT `accounts_userprofile_user_id_92240672_fk` FOREIGN KEY (`user_id`) REFERENCES `auth_user` (`id`)
) ENGINE=InnoDB AUTO_INCREMENT=2 DEFAULT CHARSET=latin1;
/*!40101 SET character_set_client = @saved_cs_client */;

--
-- Dumping data for table `accounts_userprofile`
--

LOCK TABLES `accounts_userprofile` WRITE;
/*!40000 ALTER TABLE `accounts_userprofile` DISABLE KEYS */;
INSERT INTO `accounts_userprofile` VALUES (1,'','','',0,'profile_image/user.png',1);
/*!40000 ALTER TABLE `accounts_userprofile` ENABLE KEYS */;
UNLOCK TABLES;

--
-- Table structure for table `auth_group`
--

DROP TABLE IF EXISTS `auth_group`;
/*!40101 SET @saved_cs_client     = @@character_set_client */;
/*!40101 SET character_set_client = utf8 */;
CREATE TABLE `auth_group` (
  `id` int(11) NOT NULL AUTO_INCREMENT,
  `name` varchar(80) NOT NULL,
  PRIMARY KEY (`id`),
  UNIQUE KEY `name` (`name`)
) ENGINE=InnoDB DEFAULT CHARSET=latin1;
/*!40101 SET character_set_client = @saved_cs_client */;

--
-- Dumping data for table `auth_group`
--

LOCK TABLES `auth_group` WRITE;
/*!40000 ALTER TABLE `auth_group` DISABLE KEYS */;
/*!40000 ALTER TABLE `auth_group` ENABLE KEYS */;
UNLOCK TABLES;

--
-- Table structure for table `auth_group_permissions`
--

DROP TABLE IF EXISTS `auth_group_permissions`;
/*!40101 SET @saved_cs_client     = @@character_set_client */;
/*!40101 SET character_set_client = utf8 */;
CREATE TABLE `auth_group_permissions` (
  `id` int(11) NOT NULL AUTO_INCREMENT,
  `group_id` int(11) NOT NULL,
  `permission_id` int(11) NOT NULL,
  PRIMARY KEY (`id`),
  UNIQUE KEY `auth_group_permissions_group_id_permission_id_0cd325b0_uniq` (`group_id`,`permission_id`),
  KEY `auth_group_permissio_permission_id_84c5c92e_fk_auth_perm` (`permission_id`),
  CONSTRAINT `auth_group_permissio_permission_id_84c5c92e_fk_auth_perm` FOREIGN KEY (`permission_id`) REFERENCES `auth_permission` (`id`),
  CONSTRAINT `auth_group_permissions_group_id_b120cbf9_fk_auth_group_id` FOREIGN KEY (`group_id`) REFERENCES `auth_group` (`id`)
) ENGINE=InnoDB DEFAULT CHARSET=latin1;
/*!40101 SET character_set_client = @saved_cs_client */;

--
-- Dumping data for table `auth_group_permissions`
--

LOCK TABLES `auth_group_permissions` WRITE;
/*!40000 ALTER TABLE `auth_group_permissions` DISABLE KEYS */;
/*!40000 ALTER TABLE `auth_group_permissions` ENABLE KEYS */;
UNLOCK TABLES;

--
-- Table structure for table `auth_permission`
--

DROP TABLE IF EXISTS `auth_permission`;
/*!40101 SET @saved_cs_client     = @@character_set_client */;
/*!40101 SET character_set_client = utf8 */;
CREATE TABLE `auth_permission` (
  `id` int(11) NOT NULL AUTO_INCREMENT,
  `name` varchar(255) NOT NULL,
  `content_type_id` int(11) NOT NULL,
  `codename` varchar(100) NOT NULL,
  PRIMARY KEY (`id`),
  UNIQUE KEY `auth_permission_content_type_id_codename_01ab375a_uniq` (`content_type_id`,`codename`),
  CONSTRAINT `auth_permission_content_type_id_2f476e4b_fk_django_co` FOREIGN KEY (`content_type_id`) REFERENCES `django_content_type` (`id`)
) ENGINE=InnoDB AUTO_INCREMENT=37 DEFAULT CHARSET=latin1;
/*!40101 SET character_set_client = @saved_cs_client */;

--
-- Dumping data for table `auth_permission`
--

LOCK TABLES `auth_permission` WRITE;
/*!40000 ALTER TABLE `auth_permission` DISABLE KEYS */;
INSERT INTO `auth_permission` VALUES (1,'Can add log entry',1,'add_logentry'),(2,'Can change log entry',1,'change_logentry'),(3,'Can delete log entry',1,'delete_logentry'),(4,'Can add permission',2,'add_permission'),(5,'Can change permission',2,'change_permission'),(6,'Can delete permission',2,'delete_permission'),(7,'Can add group',3,'add_group'),(8,'Can change group',3,'change_group'),(9,'Can delete group',3,'delete_group'),(10,'Can add user',4,'add_user'),(11,'Can change user',4,'change_user'),(12,'Can delete user',4,'delete_user'),(13,'Can add content type',5,'add_contenttype'),(14,'Can change content type',5,'change_contenttype'),(15,'Can delete content type',5,'delete_contenttype'),(16,'Can add session',6,'add_session'),(17,'Can change session',6,'change_session'),(18,'Can delete session',6,'delete_session'),(19,'Can add alert',7,'add_alert'),(20,'Can change alert',7,'change_alert'),(21,'Can delete alert',7,'delete_alert'),(22,'Can add host',8,'add_host'),(23,'Can change host',8,'change_host'),(24,'Can delete host',8,'delete_host'),(25,'Can add service',9,'add_service'),(26,'Can change service',9,'change_service'),(27,'Can delete service',9,'delete_service'),(28,'Can add user profile',10,'add_userprofile'),(29,'Can change user profile',10,'change_userprofile'),(30,'Can delete user profile',10,'delete_userprofile'),(31,'Can add completed task',11,'add_completedtask'),(32,'Can change completed task',11,'change_completedtask'),(33,'Can delete completed task',11,'delete_completedtask'),(34,'Can add task',12,'add_task'),(35,'Can change task',12,'change_task'),(36,'Can delete task',12,'delete_task');
/*!40000 ALTER TABLE `auth_permission` ENABLE KEYS */;
UNLOCK TABLES;

--
-- Table structure for table `auth_user`
--

DROP TABLE IF EXISTS `auth_user`;
/*!40101 SET @saved_cs_client     = @@character_set_client */;
/*!40101 SET character_set_client = utf8 */;
CREATE TABLE `auth_user` (
  `id` int(11) NOT NULL AUTO_INCREMENT,
  `password` varchar(128) NOT NULL,
  `last_login` datetime(6) DEFAULT NULL,
  `is_superuser` tinyint(1) NOT NULL,
  `username` varchar(150) NOT NULL,
  `first_name` varchar(30) NOT NULL,
  `last_name` varchar(150) NOT NULL,
  `email` varchar(254) NOT NULL,
  `is_staff` tinyint(1) NOT NULL,
  `is_active` tinyint(1) NOT NULL,
  `date_joined` datetime(6) NOT NULL,
  PRIMARY KEY (`id`),
  UNIQUE KEY `username` (`username`)
) ENGINE=InnoDB AUTO_INCREMENT=2 DEFAULT CHARSET=latin1;
/*!40101 SET character_set_client = @saved_cs_client */;

--
-- Dumping data for table `auth_user`
--

LOCK TABLES `auth_user` WRITE;
/*!40000 ALTER TABLE `auth_user` DISABLE KEYS */;
INSERT INTO `auth_user` VALUES (1,'pbkdf2_sha256$100000$fbAHE5kVJ2Tv$E2cjdqDzQG5+5Z0j7xfqkftEVMX0PCI9zcAaWDV8TIY=','2018-06-09 01:28:18.423781',1,'admin','','','admin@hocchudong.com',1,1,'2018-06-08 17:35:50.724258');
/*!40000 ALTER TABLE `auth_user` ENABLE KEYS */;
UNLOCK TABLES;

--
-- Table structure for table `auth_user_groups`
--

DROP TABLE IF EXISTS `auth_user_groups`;
/*!40101 SET @saved_cs_client     = @@character_set_client */;
/*!40101 SET character_set_client = utf8 */;
CREATE TABLE `auth_user_groups` (
  `id` int(11) NOT NULL AUTO_INCREMENT,
  `user_id` int(11) NOT NULL,
  `group_id` int(11) NOT NULL,
  PRIMARY KEY (`id`),
  UNIQUE KEY `auth_user_groups_user_id_group_id_94350c0c_uniq` (`user_id`,`group_id`),
  KEY `auth_user_groups_group_id_97559544_fk_auth_group_id` (`group_id`),
  CONSTRAINT `auth_user_groups_group_id_97559544_fk_auth_group_id` FOREIGN KEY (`group_id`) REFERENCES `auth_group` (`id`),
  CONSTRAINT `auth_user_groups_user_id_6a12ed8b_fk_auth_user_id` FOREIGN KEY (`user_id`) REFERENCES `auth_user` (`id`)
) ENGINE=InnoDB DEFAULT CHARSET=latin1;
/*!40101 SET character_set_client = @saved_cs_client */;

--
-- Dumping data for table `auth_user_groups`
--

LOCK TABLES `auth_user_groups` WRITE;
/*!40000 ALTER TABLE `auth_user_groups` DISABLE KEYS */;
/*!40000 ALTER TABLE `auth_user_groups` ENABLE KEYS */;
UNLOCK TABLES;

--
-- Table structure for table `auth_user_user_permissions`
--

DROP TABLE IF EXISTS `auth_user_user_permissions`;
/*!40101 SET @saved_cs_client     = @@character_set_client */;
/*!40101 SET character_set_client = utf8 */;
CREATE TABLE `auth_user_user_permissions` (
  `id` int(11) NOT NULL AUTO_INCREMENT,
  `user_id` int(11) NOT NULL,
  `permission_id` int(11) NOT NULL,
  PRIMARY KEY (`id`),
  UNIQUE KEY `auth_user_user_permissions_user_id_permission_id_14a6b632_uniq` (`user_id`,`permission_id`),
  KEY `auth_user_user_permi_permission_id_1fbb5f2c_fk_auth_perm` (`permission_id`),
  CONSTRAINT `auth_user_user_permi_permission_id_1fbb5f2c_fk_auth_perm` FOREIGN KEY (`permission_id`) REFERENCES `auth_permission` (`id`),
  CONSTRAINT `auth_user_user_permissions_user_id_a95ead1b_fk_auth_user_id` FOREIGN KEY (`user_id`) REFERENCES `auth_user` (`id`)
) ENGINE=InnoDB DEFAULT CHARSET=latin1;
/*!40101 SET character_set_client = @saved_cs_client */;

--
-- Dumping data for table `auth_user_user_permissions`
--

LOCK TABLES `auth_user_user_permissions` WRITE;
/*!40000 ALTER TABLE `auth_user_user_permissions` DISABLE KEYS */;
/*!40000 ALTER TABLE `auth_user_user_permissions` ENABLE KEYS */;
UNLOCK TABLES;

--
-- Table structure for table `background_task`
--

DROP TABLE IF EXISTS `background_task`;
/*!40101 SET @saved_cs_client     = @@character_set_client */;
/*!40101 SET character_set_client = utf8 */;
CREATE TABLE `background_task` (
  `id` int(11) NOT NULL AUTO_INCREMENT,
  `task_name` varchar(190) NOT NULL,
  `task_params` longtext NOT NULL,
  `task_hash` varchar(40) NOT NULL,
  `verbose_name` varchar(255) DEFAULT NULL,
  `priority` int(11) NOT NULL,
  `run_at` datetime(6) NOT NULL,
  `repeat` bigint(20) NOT NULL,
  `repeat_until` datetime(6) DEFAULT NULL,
  `queue` varchar(190) DEFAULT NULL,
  `attempts` int(11) NOT NULL,
  `failed_at` datetime(6) DEFAULT NULL,
  `last_error` longtext NOT NULL,
  `locked_by` varchar(64) DEFAULT NULL,
  `locked_at` datetime(6) DEFAULT NULL,
  `creator_object_id` int(10) unsigned DEFAULT NULL,
  `creator_content_type_id` int(11) DEFAULT NULL,
  PRIMARY KEY (`id`),
  KEY `background_task_creator_content_type_61cc9af3_fk_django_co` (`creator_content_type_id`),
  KEY `background_task_task_name_4562d56a` (`task_name`),
  KEY `background_task_task_hash_d8f233bd` (`task_hash`),
  KEY `background_task_priority_88bdbce9` (`priority`),
  KEY `background_task_run_at_7baca3aa` (`run_at`),
  KEY `background_task_queue_1d5f3a40` (`queue`),
  KEY `background_task_attempts_a9ade23d` (`attempts`),
  KEY `background_task_failed_at_b81bba14` (`failed_at`),
  KEY `background_task_locked_by_db7779e3` (`locked_by`),
  KEY `background_task_locked_at_0fb0f225` (`locked_at`),
  CONSTRAINT `background_task_creator_content_type_61cc9af3_fk_django_co` FOREIGN KEY (`creator_content_type_id`) REFERENCES `django_content_type` (`id`)
) ENGINE=InnoDB DEFAULT CHARSET=latin1;
/*!40101 SET character_set_client = @saved_cs_client */;

--
-- Dumping data for table `background_task`
--

LOCK TABLES `background_task` WRITE;
/*!40000 ALTER TABLE `background_task` DISABLE KEYS */;
/*!40000 ALTER TABLE `background_task` ENABLE KEYS */;
UNLOCK TABLES;

--
-- Table structure for table `background_task_completedtask`
--

DROP TABLE IF EXISTS `background_task_completedtask`;
/*!40101 SET @saved_cs_client     = @@character_set_client */;
/*!40101 SET character_set_client = utf8 */;
CREATE TABLE `background_task_completedtask` (
  `id` int(11) NOT NULL AUTO_INCREMENT,
  `task_name` varchar(190) NOT NULL,
  `task_params` longtext NOT NULL,
  `task_hash` varchar(40) NOT NULL,
  `verbose_name` varchar(255) DEFAULT NULL,
  `priority` int(11) NOT NULL,
  `run_at` datetime(6) NOT NULL,
  `repeat` bigint(20) NOT NULL,
  `repeat_until` datetime(6) DEFAULT NULL,
  `queue` varchar(190) DEFAULT NULL,
  `attempts` int(11) NOT NULL,
  `failed_at` datetime(6) DEFAULT NULL,
  `last_error` longtext NOT NULL,
  `locked_by` varchar(64) DEFAULT NULL,
  `locked_at` datetime(6) DEFAULT NULL,
  `creator_object_id` int(10) unsigned DEFAULT NULL,
  `creator_content_type_id` int(11) DEFAULT NULL,
  PRIMARY KEY (`id`),
  KEY `background_task_comp_creator_content_type_21d6a741_fk_django_co` (`creator_content_type_id`),
  KEY `background_task_completedtask_task_name_388dabc2` (`task_name`),
  KEY `background_task_completedtask_task_hash_91187576` (`task_hash`),
  KEY `background_task_completedtask_priority_9080692e` (`priority`),
  KEY `background_task_completedtask_run_at_77c80f34` (`run_at`),
  KEY `background_task_completedtask_queue_61fb0415` (`queue`),
  KEY `background_task_completedtask_attempts_772a6783` (`attempts`),
  KEY `background_task_completedtask_failed_at_3de56618` (`failed_at`),
  KEY `background_task_completedtask_locked_by_edc8a213` (`locked_by`),
  KEY `background_task_completedtask_locked_at_29c62708` (`locked_at`),
  CONSTRAINT `background_task_comp_creator_content_type_21d6a741_fk_django_co` FOREIGN KEY (`creator_content_type_id`) REFERENCES `django_content_type` (`id`)
) ENGINE=InnoDB DEFAULT CHARSET=latin1;
/*!40101 SET character_set_client = @saved_cs_client */;

--
-- Dumping data for table `background_task_completedtask`
--

LOCK TABLES `background_task_completedtask` WRITE;
/*!40000 ALTER TABLE `background_task_completedtask` DISABLE KEYS */;
/*!40000 ALTER TABLE `background_task_completedtask` ENABLE KEYS */;
UNLOCK TABLES;

--
-- Table structure for table `check_alert`
--

DROP TABLE IF EXISTS `check_alert`;
/*!40101 SET @saved_cs_client     = @@character_set_client */;
/*!40101 SET character_set_client = utf8 */;
CREATE TABLE `check_alert` (
  `id` int(11) NOT NULL AUTO_INCREMENT,
  `email_alert` varchar(100) NOT NULL,
  `telegram_id` varchar(10) NOT NULL,
  `webhook` varchar(200) NOT NULL,
  `delay_check` int(11) NOT NULL,
  `user_id` int(11) NOT NULL,
  PRIMARY KEY (`id`),
  KEY `check_alert_user_id_167e5719_fk_auth_user_id` (`user_id`),
  CONSTRAINT `check_alert_user_id_167e5719_fk_auth_user_id` FOREIGN KEY (`user_id`) REFERENCES `auth_user` (`id`)
) ENGINE=InnoDB AUTO_INCREMENT=2 DEFAULT CHARSET=latin1;
/*!40101 SET character_set_client = @saved_cs_client */;

--
-- Dumping data for table `check_alert`
--

LOCK TABLES `check_alert` WRITE;
/*!40000 ALTER TABLE `check_alert` DISABLE KEYS */;
INSERT INTO `check_alert` VALUES (1,'','','',10,1);
/*!40000 ALTER TABLE `check_alert` ENABLE KEYS */;
UNLOCK TABLES;

--
-- Table structure for table `check_host`
--

DROP TABLE IF EXISTS `check_host`;
/*!40101 SET @saved_cs_client     = @@character_set_client */;
/*!40101 SET character_set_client = utf8 */;
CREATE TABLE `check_host` (
  `id` int(11) NOT NULL AUTO_INCREMENT,
  `hostname` varchar(45) NOT NULL,
  `ip_address` char(39) NOT NULL,
  `status_ping` int(11) NOT NULL,
  `status_http` int(11) NOT NULL,
  `user_id` int(11) NOT NULL,
  PRIMARY KEY (`id`),
  KEY `check_host_user_id_d40cd6f7_fk_auth_user_id` (`user_id`),
  CONSTRAINT `check_host_user_id_d40cd6f7_fk_auth_user_id` FOREIGN KEY (`user_id`) REFERENCES `auth_user` (`id`)
) ENGINE=InnoDB DEFAULT CHARSET=latin1;
/*!40101 SET character_set_client = @saved_cs_client */;

--
-- Dumping data for table `check_host`
--

LOCK TABLES `check_host` WRITE;
/*!40000 ALTER TABLE `check_host` DISABLE KEYS */;
/*!40000 ALTER TABLE `check_host` ENABLE KEYS */;
UNLOCK TABLES;

--
-- Table structure for table `check_service`
--

DROP TABLE IF EXISTS `check_service`;
/*!40101 SET @saved_cs_client     = @@character_set_client */;
/*!40101 SET character_set_client = utf8 */;
CREATE TABLE `check_service` (
  `id` int(11) NOT NULL AUTO_INCREMENT,
  `service_name` varchar(45) NOT NULL,
  `ok` int(11) DEFAULT NULL,
  `warning` int(11) DEFAULT NULL,
  `critical` int(11) DEFAULT NULL,
  `interval_check` int(11) DEFAULT NULL,
  PRIMARY KEY (`id`)
) ENGINE=InnoDB DEFAULT CHARSET=latin1;
/*!40101 SET character_set_client = @saved_cs_client */;

--
-- Dumping data for table `check_service`
--

LOCK TABLES `check_service` WRITE;
/*!40000 ALTER TABLE `check_service` DISABLE KEYS */;
/*!40000 ALTER TABLE `check_service` ENABLE KEYS */;
UNLOCK TABLES;

--
-- Table structure for table `check_service_host`
--

DROP TABLE IF EXISTS `check_service_host`;
/*!40101 SET @saved_cs_client     = @@character_set_client */;
/*!40101 SET character_set_client = utf8 */;
CREATE TABLE `check_service_host` (
  `id` int(11) NOT NULL AUTO_INCREMENT,
  `service_id` int(11) NOT NULL,
  `host_id` int(11) NOT NULL,
  PRIMARY KEY (`id`),
  UNIQUE KEY `check_service_host_service_id_host_id_56d890ff_uniq` (`service_id`,`host_id`),
  KEY `check_service_host_host_id_3c83c5b1_fk_check_host_id` (`host_id`),
  CONSTRAINT `check_service_host_host_id_3c83c5b1_fk_check_host_id` FOREIGN KEY (`host_id`) REFERENCES `check_host` (`id`),
  CONSTRAINT `check_service_host_service_id_4233cb70_fk_check_service_id` FOREIGN KEY (`service_id`) REFERENCES `check_service` (`id`)
) ENGINE=InnoDB DEFAULT CHARSET=latin1;
/*!40101 SET character_set_client = @saved_cs_client */;

--
-- Dumping data for table `check_service_host`
--

LOCK TABLES `check_service_host` WRITE;
/*!40000 ALTER TABLE `check_service_host` DISABLE KEYS */;
/*!40000 ALTER TABLE `check_service_host` ENABLE KEYS */;
UNLOCK TABLES;

--
-- Table structure for table `django_admin_log`
--

DROP TABLE IF EXISTS `django_admin_log`;
/*!40101 SET @saved_cs_client     = @@character_set_client */;
/*!40101 SET character_set_client = utf8 */;
CREATE TABLE `django_admin_log` (
  `id` int(11) NOT NULL AUTO_INCREMENT,
  `action_time` datetime(6) NOT NULL,
  `object_id` longtext,
  `object_repr` varchar(200) NOT NULL,
  `action_flag` smallint(5) unsigned NOT NULL,
  `change_message` longtext NOT NULL,
  `content_type_id` int(11) DEFAULT NULL,
  `user_id` int(11) NOT NULL,
  PRIMARY KEY (`id`),
  KEY `django_admin_log_content_type_id_c4bce8eb_fk_django_co` (`content_type_id`),
  KEY `django_admin_log_user_id_c564eba6_fk` (`user_id`),
  CONSTRAINT `django_admin_log_content_type_id_c4bce8eb_fk_django_co` FOREIGN KEY (`content_type_id`) REFERENCES `django_content_type` (`id`),
  CONSTRAINT `django_admin_log_user_id_c564eba6_fk` FOREIGN KEY (`user_id`) REFERENCES `auth_user` (`id`)
) ENGINE=InnoDB DEFAULT CHARSET=latin1;
/*!40101 SET character_set_client = @saved_cs_client */;

--
-- Dumping data for table `django_admin_log`
--

LOCK TABLES `django_admin_log` WRITE;
/*!40000 ALTER TABLE `django_admin_log` DISABLE KEYS */;
/*!40000 ALTER TABLE `django_admin_log` ENABLE KEYS */;
UNLOCK TABLES;

--
-- Table structure for table `django_content_type`
--

DROP TABLE IF EXISTS `django_content_type`;
/*!40101 SET @saved_cs_client     = @@character_set_client */;
/*!40101 SET character_set_client = utf8 */;
CREATE TABLE `django_content_type` (
  `id` int(11) NOT NULL AUTO_INCREMENT,
  `app_label` varchar(100) NOT NULL,
  `model` varchar(100) NOT NULL,
  PRIMARY KEY (`id`),
  UNIQUE KEY `django_content_type_app_label_model_76bd3d3b_uniq` (`app_label`,`model`)
) ENGINE=InnoDB AUTO_INCREMENT=13 DEFAULT CHARSET=latin1;
/*!40101 SET character_set_client = @saved_cs_client */;

--
-- Dumping data for table `django_content_type`
--

LOCK TABLES `django_content_type` WRITE;
/*!40000 ALTER TABLE `django_content_type` DISABLE KEYS */;
INSERT INTO `django_content_type` VALUES (10,'accounts','userprofile'),(1,'admin','logentry'),(3,'auth','group'),(2,'auth','permission'),(4,'auth','user'),(11,'background_task','completedtask'),(12,'background_task','task'),(7,'check','alert'),(8,'check','host'),(9,'check','service'),(5,'contenttypes','contenttype'),(6,'sessions','session');
/*!40000 ALTER TABLE `django_content_type` ENABLE KEYS */;
UNLOCK TABLES;

--
-- Table structure for table `django_migrations`
--

DROP TABLE IF EXISTS `django_migrations`;
/*!40101 SET @saved_cs_client     = @@character_set_client */;
/*!40101 SET character_set_client = utf8 */;
CREATE TABLE `django_migrations` (
  `id` int(11) NOT NULL AUTO_INCREMENT,
  `app` varchar(255) NOT NULL,
  `name` varchar(255) NOT NULL,
  `applied` datetime(6) NOT NULL,
  PRIMARY KEY (`id`)
) ENGINE=InnoDB AUTO_INCREMENT=19 DEFAULT CHARSET=latin1;
/*!40101 SET character_set_client = @saved_cs_client */;

--
-- Dumping data for table `django_migrations`
--

LOCK TABLES `django_migrations` WRITE;
/*!40000 ALTER TABLE `django_migrations` DISABLE KEYS */;
INSERT INTO `django_migrations` VALUES (1,'contenttypes','0001_initial','2018-06-08 17:34:33.263096'),(2,'auth','0001_initial','2018-06-08 17:34:41.621374'),(3,'accounts','0001_initial','2018-06-08 17:34:42.689806'),(4,'admin','0001_initial','2018-06-08 17:34:44.912387'),(5,'admin','0002_logentry_remove_auto_add','2018-06-08 17:34:44.971668'),(6,'contenttypes','0002_remove_content_type_name','2018-06-08 17:34:46.299577'),(7,'auth','0002_alter_permission_name_max_length','2018-06-08 17:34:46.433649'),(8,'auth','0003_alter_user_email_max_length','2018-06-08 17:34:46.575757'),(9,'auth','0004_alter_user_username_opts','2018-06-08 17:34:46.616969'),(10,'auth','0005_alter_user_last_login_null','2018-06-08 17:34:47.278400'),(11,'auth','0006_require_contenttypes_0002','2018-06-08 17:34:47.329406'),(12,'auth','0007_alter_validators_add_error_messages','2018-06-08 17:34:47.369055'),(13,'auth','0008_alter_user_username_max_length','2018-06-08 17:34:49.973011'),(14,'auth','0009_alter_user_last_name_max_length','2018-06-08 17:34:50.124775'),(15,'background_task','0001_initial','2018-06-08 17:34:57.159586'),(16,'background_task','0002_auto_20170927_1109','2018-06-08 17:35:02.449511'),(17,'check','0001_initial','2018-06-08 17:35:08.097663'),(18,'sessions','0001_initial','2018-06-08 17:35:08.902548');
/*!40000 ALTER TABLE `django_migrations` ENABLE KEYS */;
UNLOCK TABLES;

--
-- Table structure for table `django_session`
--

DROP TABLE IF EXISTS `django_session`;
/*!40101 SET @saved_cs_client     = @@character_set_client */;
/*!40101 SET character_set_client = utf8 */;
CREATE TABLE `django_session` (
  `session_key` varchar(40) NOT NULL,
  `session_data` longtext NOT NULL,
  `expire_date` datetime(6) NOT NULL,
  PRIMARY KEY (`session_key`),
  KEY `django_session_expire_date_a5c62663` (`expire_date`)
) ENGINE=InnoDB DEFAULT CHARSET=latin1;
/*!40101 SET character_set_client = @saved_cs_client */;

--
-- Dumping data for table `django_session`
--

LOCK TABLES `django_session` WRITE;
/*!40000 ALTER TABLE `django_session` DISABLE KEYS */;
INSERT INTO `django_session` VALUES ('tgxmadpbxk9sdj86vackzx9j70v2p2nc','MTBlOGMyZWYwYzM3MjMxNDMzYjk3ZThhOWNlZWMyMjUyMjM4YjU1MTp7Il9hdXRoX3VzZXJfaWQiOiIxIiwiX2F1dGhfdXNlcl9iYWNrZW5kIjoiZGphbmdvLmNvbnRyaWIuYXV0aC5iYWNrZW5kcy5Nb2RlbEJhY2tlbmQiLCJfYXV0aF91c2VyX2hhc2giOiI3ZjI1NTY4MmE0NDA2YjFiZmI2ZjJiZGM3OTE5YjU0N2M4ZGQ2ZDVmIn0=','2018-06-23 01:28:18.498640');
/*!40000 ALTER TABLE `django_session` ENABLE KEYS */;
UNLOCK TABLES;
/*!40103 SET TIME_ZONE=@OLD_TIME_ZONE */;

/*!40101 SET SQL_MODE=@OLD_SQL_MODE */;
/*!40014 SET FOREIGN_KEY_CHECKS=@OLD_FOREIGN_KEY_CHECKS */;
/*!40014 SET UNIQUE_CHECKS=@OLD_UNIQUE_CHECKS */;
/*!40101 SET CHARACTER_SET_CLIENT=@OLD_CHARACTER_SET_CLIENT */;
/*!40101 SET CHARACTER_SET_RESULTS=@OLD_CHARACTER_SET_RESULTS */;
/*!40101 SET COLLATION_CONNECTION=@OLD_COLLATION_CONNECTION */;
/*!40111 SET SQL_NOTES=@OLD_SQL_NOTES */;

-- Dump completed on 2018-06-09  1:30:47
